-- ============================================================================
-- TitanCrew.ai Seed Data: Rawding Electric LLC Demo Account
-- ============================================================================
-- This file seeds a complete demo company with realistic data for a commercial
-- electrical contractor. It demonstrates the TitanCrew platform with:
--   - One account (Rawding Electric LLC)
--   - 5 technicians with realistic skills and rates
--   - 12 trade customers (commercial & residential)
--   - 20 jobs across all statuses
--   - All 11 agent instances with execution history
--   - Communication logs and HIL confirmations
--   - Parts inventory
--
-- IMPORTANT: Replace the placeholder owner_user_id below with the actual Supabase
-- auth user ID after running this script. The current value is:
--   'cf470b38-2a52-4de5-b183-b2eb307612c4'
-- Update it in the accounts table INSERT statement.
--
-- This script is idempotent and uses a transaction for safety.
-- ============================================================================

BEGIN;

-- Set timezone for all operations
SET TIMEZONE = 'America/Chicago';

-- ============================================================================
-- 1. ACCOUNTS TABLE - Rawding Electric LLC
-- ============================================================================
-- Account ID: hardcoded for easy reference in other tables
-- Owner User ID: placeholder, must be replaced with real auth.users.id

INSERT INTO public.accounts (
  id,
  owner_name,
  business_name,
  email,
  phone,
  owner_user_id,
  trade_type,
  state,
  city,
  zip,
  tech_count,
  years_in_business,
  avg_job_value,
  plan,
  subscription_status,
  stripe_customer_id,
  stripe_sub_id,
  trial_ends_at,
  mrr,
  onboarded_at,
  crew_deployed_at,
  onboard_step,
  timezone,
  notification_prefs,
  integrations,
  feature_flags,
  rev_share_opted_in,
  jobs_booked_30d,
  jobs_ai_booked_30d,
  revenue_ai_30d,
  nps_score,
  churn_risk_score,
  last_active_at,
  created_at,
  updated_at
) VALUES (
  'cf470b38-2a52-4de5-b183-b2eb307612c4'::UUID,
  'Stephen Rawding',
  'Rawding Electric LLC',
  'stephen@rawdinelectric.com',
  '713-555-0147',
  'cf470b38-2a52-4de5-b183-b2eb307612c4'::UUID, -- REPLACE WITH REAL auth.users.id
  'electrical',
  'TX',
  'Houston',
  '77002',
  8,
  12,
  4250.00,
  'growth',
  'active',
  'cus_rawding_demo',
  'sub_rawding_demo',
  NULL,
  799.00,
  NOW() - INTERVAL '120 days',
  NOW() - INTERVAL '90 days',
  9,
  'America/Chicago',
  '{"email_summary": true, "sms_alerts": true, "job_updates": true}'::JSONB,
  '{"google_calendar": true, "quickbooks": false, "twilio": true}'::JSONB,
  '{"ai_commission": true, "tier": "standard"}'::JSONB,
  true,
  18,
  7,
  28750.00,
  42,
  15,
  NOW() - INTERVAL '2 hours',
  NOW() - INTERVAL '120 days',
  NOW() - INTERVAL '2 hours'
) ON CONFLICT DO NOTHING;

-- ============================================================================
-- 2. TECHNICIANS TABLE - 5 Skilled Electricians
-- ============================================================================

INSERT INTO public.technicians (
  id,
  account_id,
  name,
  phone,
  email,
  trade_type,
  skill_tags,
  is_active,
  hourly_rate,
  efficiency_score,
  calendar_id,
  availability,
  created_by_agent
) VALUES
  (
    '20000000-0000-0000-0000-000000000001'::UUID,
    'cf470b38-2a52-4de5-b183-b2eb307612c4'::UUID,
    'Marcus Johnson',
    '713-555-0101',
    'marcus@rawdinelectric.com',
    'electrical',
    ARRAY['commercial', 'panel_installation', 'high_voltage', 'troubleshooting', 'licensed_journeyman'],
    true,
    85.00,
    94,
    'cal_marcus_rawding',
    '{"mon": "8-17", "tue": "8-17", "wed": "8-17", "thu": "8-17", "fri": "8-17", "sat": "off", "sun": "off"}'::JSONB,
    false
  ),
  (
    '20000000-0000-0000-0000-000000000002'::UUID,
    'cf470b38-2a52-4de5-b183-b2eb307612c4'::UUID,
    'Angela Torres',
    '713-555-0102',
    'angela@rawdinelectric.com',
    'electrical',
    ARRAY['commercial', 'fire_alarm', 'automation', 'data_centers', 'licensed_journeyman'],
    true,
    82.00,
    91,
    'cal_angela_rawding',
    '{"mon": "8-17", "tue": "8-17", "wed": "7-16", "thu": "8-17", "fri": "8-17", "sat": "off", "sun": "off"}'::JSONB,
    false
  ),
  (
    '20000000-0000-0000-0000-000000000003'::UUID,
    'cf470b38-2a52-4de5-b183-b2eb307612c4'::UUID,
    'David Chen',
    '713-555-0103',
    'david@rawdinelectric.com',
    'electrical',
    ARRAY['residential', 'new_construction', 'remodeling', 'troubleshooting'],
    true,
    65.00,
    88,
    'cal_david_rawding',
    '{"mon": "8-17", "tue": "8-17", "wed": "8-17", "thu": "8-17", "fri": "8-17", "sat": "8-12", "sun": "off"}'::JSONB,
    false
  ),
  (
    '20000000-0000-0000-0000-000000000004'::UUID,
    'cf470b38-2a52-4de5-b183-b2eb307612c4'::UUID,
    'James Wilson',
    '713-555-0104',
    'james@rawdinelectric.com',
    'electrical',
    ARRAY['commercial', 'lighting_design', 'LED_retrofit', 'energy_audit'],
    true,
    75.00,
    89,
    'cal_james_rawding',
    '{"mon": "8-17", "tue": "8-17", "wed": "8-17", "thu": "8-17", "fri": "8-17", "sat": "off", "sun": "off"}'::JSONB,
    false
  ),
  (
    '20000000-0000-0000-0000-000000000005'::UUID,
    'cf470b38-2a52-4de5-b183-b2eb307612c4'::UUID,
    'Lisa Martinez',
    '713-555-0105',
    'lisa@rawdinelectric.com',
    'electrical',
    ARRAY['residential', 'service_calls', 'outlet_repair', 'general_wiring'],
    true,
    58.00,
    85,
    'cal_lisa_rawding',
    '{"mon": "9-18", "tue": "9-18", "wed": "9-18", "thu": "9-18", "fri": "9-18", "sat": "off", "sun": "off"}'::JSONB,
    false
  )
ON CONFLICT DO NOTHING;

-- ============================================================================
-- 3. TRADE CUSTOMERS TABLE - 12 Diverse Customers
-- ============================================================================

INSERT INTO public.trade_customers (
  id,
  account_id,
  name,
  email,
  phone,
  address,
  city,
  state,
  zip,
  lat,
  lng,
  customer_since,
  total_jobs,
  total_spent,
  avg_job_value,
  last_service_at,
  preferred_tech,
  ltv_prediction,
  next_service_at,
  tags,
  notes,
  comms_opt_out
) VALUES
  -- High-value commercial customers
  (
    '30000000-0000-0000-0000-000000000001'::UUID,
    'cf470b38-2a52-4de5-b183-b2eb307612c4'::UUID,
    'Riverside Medical Complex',
    'facilities@riversidemedical.com',
    '713-555-2001',
    '2400 Fondren Drive',
    'Houston',
    'TX',
    '77063',
    29.7604,
    -95.4432,
    NOW() - INTERVAL '3 years',
    47,
    186500.00,
    3968.09,
    NOW() - INTERVAL '8 days',
    '20000000-0000-0000-0000-000000000001'::UUID,
    42000.00,
    NOW() + INTERVAL '45 days',
    ARRAY['high_value', 'medical', 'critical_infrastructure', 'contract_maintenance'],
    'Premier customer. Monthly contract maintenance + emergency response. Prefers Marcus for critical work.',
    false
  ),
  (
    '30000000-0000-0000-0000-000000000002'::UUID,
    'cf470b38-2a52-4de5-b183-b2eb307612c4'::UUID,
    'TechHub Data Center Houston',
    'ops@techhubdc.com',
    '713-555-2002',
    '1500 Waugh Drive',
    'Houston',
    'TX',
    '77010',
    29.7519,
    -95.3867,
    NOW() - INTERVAL '2 years 6 months',
    34,
    156800.00,
    4611.76,
    NOW() - INTERVAL '4 days',
    '20000000-0000-0000-0000-000000000002'::UUID,
    38000.00,
    NOW() + INTERVAL '21 days',
    ARRAY['high_value', 'data_center', 'uptime_critical', 'contract_maintenance'],
    'Critical uptime requirements. 24/7 emergency support. Angela handles all specialized DC work.',
    false
  ),
  (
    '30000000-0000-0000-0000-000000000003'::UUID,
    'cf470b38-2a52-4de5-b183-b2eb307612c4'::UUID,
    'Greenspoint Office Plaza',
    'property@greenspoint.com',
    '713-555-2003',
    '1177 W Loop N',
    'Houston',
    'TX',
    '77027',
    29.7678,
    -95.4398,
    NOW() - INTERVAL '4 years',
    52,
    178900.00,
    3440.38,
    NOW() - INTERVAL '12 days',
    '20000000-0000-0000-0000-000000000004'::UUID,
    35000.00,
    NOW() + INTERVAL '60 days',
    ARRAY['high_value', 'commercial_real_estate', 'preventive_maintenance'],
    'Large commercial property. Regular preventive maintenance program. James manages LED retrofit project.',
    false
  ),
  -- Mid-tier customers
  (
    '30000000-0000-0000-0000-000000000004'::UUID,
    'cf470b38-2a52-4de5-b183-b2eb307612c4'::UUID,
    'Houston Restaurant Group',
    'maint@houstonrestaurants.com',
    '713-555-2004',
    '3201 Allen Parkway',
    'Houston',
    'TX',
    '77019',
    29.7439,
    -95.3872,
    NOW() - INTERVAL '1 year 8 months',
    24,
    98400.00,
    4100.00,
    NOW() - INTERVAL '15 days',
    '20000000-0000-0000-0000-000000000005'::UUID,
    18000.00,
    NOW() + INTERVAL '30 days',
    ARRAY['mid_value', 'restaurant_chain', 'emergency_responsive'],
    'Multiple locations. Responsive to emergency calls. Lisa handles routine service calls.',
    false
  ),
  (
    '30000000-0000-0000-0000-000000000005'::UUID,
    'cf470b38-2a52-4de5-b183-b2eb307612c4'::UUID,
    'Westchase Corporate Tower',
    'facilities@westchase-corp.com',
    '713-555-2005',
    '2710 Post Oak Boulevard',
    'Houston',
    'TX',
    '77056',
    29.7320,
    -95.4620,
    NOW() - INTERVAL '2 years 2 months',
    28,
    112000.00,
    4000.00,
    NOW() - INTERVAL '20 days',
    '20000000-0000-0000-0000-000000000001'::UUID,
    22000.00,
    NOW() + INTERVAL '45 days',
    ARRAY['mid_value', 'commercial', 'office_building'],
    'Corporate tower with regular maintenance contracts. Marcus primary technician.',
    false
  ),
  (
    '30000000-0000-0000-0000-000000000006'::UUID,
    'cf470b38-2a52-4de5-b183-b2eb307612c4'::UUID,
    'Montrose Hardware & Supply',
    'owner@montrosehardware.com',
    '713-555-2006',
    '1234 Montrose Blvd',
    'Houston',
    'TX',
    '77006',
    29.7606,
    -95.3950,
    NOW() - INTERVAL '1 year 5 months',
    18,
    72900.00,
    4050.00,
    NOW() - INTERVAL '6 days',
    '20000000-0000-0000-0000-000000000003'::UUID,
    14000.00,
    NOW() + INTERVAL '35 days',
    ARRAY['mid_value', 'retail', 'responsive'],
    'Local hardware store. Good maintenance customer. David handles most work.',
    false
  ),
  -- Growing residential base
  (
    '30000000-0000-0000-0000-000000000007'::UUID,
    'cf470b38-2a52-4de5-b183-b2eb307612c4'::UUID,
    'Sarah Chen - Residential',
    'sarah.chen@email.com',
    '713-555-2007',
    '4567 Bellaire Blvd',
    'Houston',
    'TX',
    '77025',
    29.6511,
    -95.4865,
    NOW() - INTERVAL '2 years',
    9,
    28500.00,
    3166.67,
    NOW() - INTERVAL '25 days',
    '20000000-0000-0000-0000-000000000003'::UUID,
    8000.00,
    NOW() + INTERVAL '90 days',
    ARRAY['residential', 'homeowner', 'repeat_customer'],
    'Residential homeowner with regular electrical maintenance needs. Happy customer.',
    false
  ),
  (
    '30000000-0000-0000-0000-000000000008'::UUID,
    'cf470b38-2a52-4de5-b183-b2eb307612c4'::UUID,
    'Michael Rodriguez - Residential',
    'm.rodriguez@email.com',
    '713-555-2008',
    '8901 Meadow Lake Lane',
    'Houston',
    'TX',
    '77063',
    29.7521,
    -95.4689,
    NOW() - INTERVAL '1 year 10 months',
    7,
    21000.00,
    3000.00,
    NOW() - INTERVAL '35 days',
    '20000000-0000-0000-0000-000000000005'::UUID,
    6500.00,
    NOW() + INTERVAL '120 days',
    ARRAY['residential', 'homeowner'],
    'Homeowner. Recently completed master bath electrical work.',
    false
  ),
  (
    '30000000-0000-0000-0000-000000000009'::UUID,
    'cf470b38-2a52-4de5-b183-b2eb307612c4'::UUID,
    'Patricia Wong - Residential',
    'p.wong@email.com',
    '713-555-2009',
    '5555 Chimney Rock Road',
    'Houston',
    'TX',
    '77056',
    29.7315,
    -95.4425,
    NOW() - INTERVAL '6 months',
    3,
    9000.00,
    3000.00,
    NOW() - INTERVAL '10 days',
    '20000000-0000-0000-0000-000000000005'::UUID,
    3500.00,
    NOW() + INTERVAL '180 days',
    ARRAY['residential', 'homeowner', 'new_customer'],
    'New residential customer. Good potential for growth.',
    false
  ),
  -- Service-oriented customers
  (
    '30000000-0000-0000-0000-000000000010'::UUID,
    'cf470b38-2a52-4de5-b183-b2eb307612c4'::UUID,
    'Spring Dental Office',
    'admin@springdental.com',
    '713-555-2010',
    '1111 Medical Center Drive',
    'Houston',
    'TX',
    '77030',
    29.7185,
    -95.4315,
    NOW() - INTERVAL '1 year 2 months',
    12,
    36000.00,
    3000.00,
    NOW() - INTERVAL '18 days',
    '20000000-0000-0000-0000-000000000004'::UUID,
    7000.00,
    NOW() + INTERVAL '60 days',
    ARRAY['commercial', 'medical', 'responsive'],
    'Dental practice. Quarterly maintenance contract.',
    false
  ),
  (
    '30000000-0000-0000-0000-000000000011'::UUID,
    'cf470b38-2a52-4de5-b183-b2eb307612c4'::UUID,
    'The Loading Dock Warehouse',
    'ops@loadingdock.com',
    '713-555-2011',
    '2000 McKinney Avenue',
    'Houston',
    'TX',
    '77010',
    29.7604,
    -95.3825,
    NOW() - INTERVAL '8 months',
    8,
    28000.00,
    3500.00,
    NOW() - INTERVAL '22 days',
    '20000000-0000-0000-0000-000000000001'::UUID,
    6500.00,
    NOW() + INTERVAL '45 days',
    ARRAY['commercial', 'industrial', 'warehouse'],
    'Warehouse facility with ongoing electrical maintenance needs.',
    false
  ),
  (
    '30000000-0000-0000-0000-000000000012'::UUID,
    'cf470b38-2a52-4de5-b183-b2eb307612c4'::UUID,
    'Vision Eye Care Center',
    'admin@visioneyecare.com',
    '713-555-2012',
    '6789 Westheimer Road',
    'Houston',
    'TX',
    '77057',
    29.7390,
    -95.4517,
    NOW() - INTERVAL '7 months',
    5,
    15000.00,
    3000.00,
    NOW() - INTERVAL '28 days',
    '20000000-0000-0000-0000-000000000003'::UUID,
    4500.00,
    NOW() + INTERVAL '90 days',
    ARRAY['commercial', 'medical', 'service_responsive'],
    'Eye care clinic. Monthly preventive maintenance.',
    false
  )
ON CONFLICT DO NOTHING;

-- ============================================================================
-- 4. JOBS TABLE - 20 Jobs Across All Statuses
-- ============================================================================
-- Statuses: lead, scheduled, dispatched, in_progress, completed, invoiced, paid, canceled

INSERT INTO public.jobs (
  id,
  account_id,
  customer_id,
  technician_id,
  title,
  description,
  trade_type,
  job_type,
  status,
  priority,
  scheduled_start,
  scheduled_end,
  actual_start,
  actual_end,
  address,
  lat,
  lng,
  estimate_amount,
  invoice_amount,
  paid_amount,
  invoice_id,
  payment_status,
  booked_by_ai,
  agent_id,
  ai_confidence,
  source,
  tags,
  notes,
  parts_needed,
  created_at,
  updated_at
) VALUES
  -- LEADS (2)
  (
    '40000000-0000-0000-0000-000000000001'::UUID,
    'cf470b38-2a52-4de5-b183-b2eb307612c4'::UUID,
    '30000000-0000-0000-0000-000000000004'::UUID,
    '20000000-0000-0000-0000-000000000005'::UUID,
    'Emergency Generator Installation - Restaurant Location',
    'Customer inquired about emergency generator electrical connection for backup power. Initial consultation scheduled.',
    'electrical',
    'new_installation',
    'lead',
    2,
    NOW() + INTERVAL '10 days',
    NOW() + INTERVAL '11 days',
    NULL,
    NULL,
    '3201 Allen Parkway',
    29.7439,
    -95.3872,
    8500.00,
    NULL,
    NULL,
    NULL,
    NULL,
    false,
    NULL,
    NULL,
    'inbound_call',
    ARRAY['generator', 'new_install', 'emergency_power'],
    'Customer very interested. Quoted $8500. Awaiting approval.',
    NULL,
    NOW() - INTERVAL '3 days',
    NOW() - INTERVAL '3 days'
  ),
  (
    '40000000-0000-0000-0000-000000000002'::UUID,
    'cf470b38-2a52-4de5-b183-b2eb307612c4'::UUID,
    '30000000-0000-0000-0000-000000000010'::UUID,
    '20000000-0000-0000-0000-000000000004'::UUID,
    'Panel Upgrade - Dental Office',
    'Dental office needs 200A service upgrade to support new HVAC system.',
    'electrical',
    'upgrade',
    'lead',
    3,
    NOW() + INTERVAL '15 days',
    NOW() + INTERVAL '16 days',
    NULL,
    NULL,
    '1111 Medical Center Drive',
    29.7185,
    -95.4315,
    5200.00,
    NULL,
    NULL,
    NULL,
    NULL,
    false,
    NULL,
    NULL,
    'email_inquiry',
    ARRAY['panel_upgrade', '200_amp'],
    'Waiting for customer to confirm schedule.',
    NULL,
    NOW() - INTERVAL '7 days',
    NOW() - INTERVAL '7 days'
  ),

  -- SCHEDULED (3)
  (
    '40000000-0000-0000-0000-000000000003'::UUID,
    'cf470b38-2a52-4de5-b183-b2eb307612c4'::UUID,
    '30000000-0000-0000-0000-000000000003'::UUID,
    '20000000-0000-0000-0000-000000000004'::UUID,
    'LED Retrofit Phase 2 - Greenspoint Office',
    'Second phase of LED lighting retrofit for office plaza. Installation of 240 LED fixtures.',
    'electrical',
    'retrofit',
    'scheduled',
    3,
    NOW() + INTERVAL '5 days',
    NOW() + INTERVAL '7 days',
    NULL,
    NULL,
    '1177 W Loop N',
    29.7678,
    -95.4398,
    12500.00,
    NULL,
    NULL,
    NULL,
    NULL,
    true,
    '50000000-0000-0000-0000-000000000001'::UUID,
    0.870,
    'ai_scheduler',
    ARRAY['LED_retrofit', 'commercial', 'large_project'],
    'AI scheduled this for optimal crew availability. Phase 1 completed successfully.',
    '{"fixtures": 240, "ballasts": 45, "wiring": "1000ft"}'::JSONB,
    NOW() - INTERVAL '12 days',
    NOW() - INTERVAL '5 days'
  ),
  (
    '40000000-0000-0000-0000-000000000004'::UUID,
    'cf470b38-2a52-4de5-b183-b2eb307612c4'::UUID,
    '30000000-0000-0000-0000-000000000005'::UUID,
    '20000000-0000-0000-0000-000000000001'::UUID,
    'Quarterly Maintenance - Westchase Tower',
    'Preventive maintenance inspection and service for corporate office building systems.',
    'electrical',
    'maintenance',
    'scheduled',
    4,
    NOW() + INTERVAL '3 days',
    NOW() + INTERVAL '3 days',
    NULL,
    NULL,
    '2710 Post Oak Boulevard',
    29.7320,
    -95.4620,
    2200.00,
    NULL,
    NULL,
    NULL,
    NULL,
    true,
    '50000000-0000-0000-0000-000000000001'::UUID,
    0.920,
    'ai_scheduler',
    ARRAY['preventive', 'quarterly', 'contract_maintenance'],
    'Routine quarterly maintenance. AI scheduled based on contract terms.',
    NULL,
    NOW() - INTERVAL '20 days',
    NOW() - INTERVAL '3 days'
  ),
  (
    '40000000-0000-0000-0000-000000000005'::UUID,
    'cf470b38-2a52-4de5-b183-b2eb307612c4'::UUID,
    '30000000-0000-0000-0000-000000000007'::UUID,
    '20000000-0000-0000-0000-000000000003'::UUID,
    'Master Bath Remodel - Residential',
    'New electrical outlets, lighting, and exhaust fan installation for master bath remodel.',
    'electrical',
    'remodeling',
    'scheduled',
    3,
    NOW() + INTERVAL '8 days',
    NOW() + INTERVAL '9 days',
    NULL,
    NULL,
    '4567 Bellaire Blvd',
    29.6511,
    -95.4865,
    2800.00,
    NULL,
    NULL,
    NULL,
    NULL,
    false,
    NULL,
    NULL,
    'homeowner_request',
    ARRAY['remodeling', 'residential', 'new_outlets'],
    'Customer scheduled. Bathroom remodel contractor coordinating timeline.',
    '{"outlets": 6, "lights": 4, "exhaust_fan": 1}'::JSONB,
    NOW() - INTERVAL '10 days',
    NOW() - INTERVAL '8 days'
  ),

  -- DISPATCHED (2)
  (
    '40000000-0000-0000-0000-000000000006'::UUID,
    'cf470b38-2a52-4de5-b183-b2eb307612c4'::UUID,
    '30000000-0000-0000-0000-000000000002'::UUID,
    '20000000-0000-0000-0000-000000000002'::UUID,
    'Fire Alarm System Upgrade - Data Center',
    'Annual fire alarm system testing and component replacement for data center.',
    'electrical',
    'maintenance',
    'dispatched',
    2,
    NOW() - INTERVAL '1 day',
    NOW() + INTERVAL '2 days',
    NOW() - INTERVAL '1 day',
    NULL,
    '1500 Waugh Drive',
    29.7519,
    -95.3867,
    3500.00,
    NULL,
    NULL,
    NULL,
    NULL,
    true,
    '50000000-0000-0000-0000-000000000002'::UUID,
    0.950,
    'ai_scheduler',
    ARRAY['fire_alarm', 'critical', 'uptime_sensitive'],
    'Angela dispatched early this morning. Data center critical system work.',
    '{"sensors": 25, "detectors": 8, "control_panel": 1}'::JSONB,
    NOW() - INTERVAL '15 days',
    NOW() - INTERVAL '1 day'
  ),
  (
    '40000000-0000-0000-0000-000000000007'::UUID,
    'cf470b38-2a52-4de5-b183-b2eb307612c4'::UUID,
    '30000000-0000-0000-0000-000000000011'::UUID,
    '20000000-0000-0000-0000-000000000001'::UUID,
    'Overhead Lighting Install - Warehouse',
    'Installation of 60 high-bay LED fixtures for warehouse operations area.',
    'electrical',
    'new_installation',
    'dispatched',
    3,
    NOW() - INTERVAL '2 days',
    NOW() + INTERVAL '2 days',
    NOW() - INTERVAL '2 days',
    NULL,
    '2000 McKinney Avenue',
    29.7604,
    -95.3825,
    6800.00,
    NULL,
    NULL,
    NULL,
    NULL,
    false,
    NULL,
    NULL,
    'customer_request',
    ARRAY['high_bay', 'warehouse', 'new_install'],
    'Marcus dispatched. Two-day job. Half-way through first day.',
    '{"fixtures": 60, "ballasts": 60, "conduit": "1500ft"}'::JSONB,
    NOW() - INTERVAL '18 days',
    NOW() - INTERVAL '2 days'
  ),

  -- IN_PROGRESS (3)
  (
    '40000000-0000-0000-0000-000000000008'::UUID,
    'cf470b38-2a52-4de5-b183-b2eb307612c4'::UUID,
    '30000000-0000-0000-0000-000000000001'::UUID,
    '20000000-0000-0000-0000-000000000001'::UUID,
    'Panel Replacement - Riverside Medical',
    'Complete electrical panel replacement (400A, 3-phase) for medical complex main building.',
    'electrical',
    'upgrade',
    'in_progress',
    1,
    NOW() - INTERVAL '2 days',
    NOW() + INTERVAL '1 day',
    NOW() - INTERVAL '2 days',
    NULL,
    '2400 Fondren Drive',
    29.7604,
    -95.4432,
    18500.00,
    NULL,
    NULL,
    NULL,
    NULL,
    true,
    '50000000-0000-0000-0000-000000000001'::UUID,
    0.980,
    'ai_scheduler',
    ARRAY['critical', 'medical', 'major_upgrade', 'high_value'],
    'Marcus has been on site for 2 days. Critical healthcare infrastructure. HIL confirmation required before final connections.',
    '{"panel": "400A_3phase", "breakers": 48, "disconnect": 1}'::JSONB,
    NOW() - INTERVAL '28 days',
    NOW() - INTERVAL '2 days'
  ),
  (
    '40000000-0000-0000-0000-000000000009'::UUID,
    'cf470b38-2a52-4de5-b183-b2eb307612c4'::UUID,
    '30000000-0000-0000-0000-000000000006'::UUID,
    '20000000-0000-0000-0000-000000000003'::UUID,
    'New Store Electrical Setup - Hardware Store',
    'Complete electrical infrastructure for new retail location expansion.',
    'electrical',
    'new_construction',
    'in_progress',
    2,
    NOW() - INTERVAL '3 days',
    NOW() + INTERVAL '3 days',
    NOW() - INTERVAL '3 days',
    NULL,
    '1234 Montrose Blvd',
    29.7606,
    -95.3950,
    14200.00,
    NULL,
    NULL,
    NULL,
    NULL,
    false,
    NULL,
    NULL,
    'customer_project',
    ARRAY['new_construction', 'retail', 'complex_wiring'],
    'David managing. New expansion section. On track for completion.',
    '{"panel": "200A", "outlets": 120, "lighting": 80, "circuits": 32}'::JSONB,
    NOW() - INTERVAL '22 days',
    NOW() - INTERVAL '3 days'
  ),
  (
    '40000000-0000-0000-0000-000000000010'::UUID,
    'cf470b38-2a52-4de5-b183-b2eb307612c4'::UUID,
    '30000000-0000-0000-0000-000000000009'::UUID,
    '20000000-0000-0000-0000-000000000005'::UUID,
    'Home Electrical Panel Inspection & Repair',
    'Inspection of residential electrical panel and repair of overloaded circuits.',
    'electrical',
    'repair',
    'in_progress',
    3,
    NOW() - INTERVAL '1 day',
    NOW() + INTERVAL '1 day',
    NOW() - INTERVAL '1 day',
    NULL,
    '5555 Chimney Rock Road',
    29.7315,
    -95.4425,
    1850.00,
    NULL,
    NULL,
    NULL,
    NULL,
    false,
    NULL,
    NULL,
    'homeowner_emergency',
    ARRAY['repair', 'inspection', 'residential'],
    'Lisa on site. Quick turnaround on residential emergency call.',
    NULL,
    NOW() - INTERVAL '8 days',
    NOW() - INTERVAL '1 day'
  ),

  -- COMPLETED (5)
  (
    '40000000-0000-0000-0000-000000000011'::UUID,
    'cf470b38-2a52-4de5-b183-b2eb307612c4'::UUID,
    '30000000-0000-0000-0000-000000000001'::UUID,
    '20000000-0000-0000-0000-000000000001'::UUID,
    'Emergency Backup System Install - Medical Complex',
    'Installation of emergency backup electrical system for operating rooms.',
    'electrical',
    'new_installation',
    'completed',
    1,
    NOW() - INTERVAL '45 days',
    NOW() - INTERVAL '42 days',
    NOW() - INTERVAL '45 days',
    NOW() - INTERVAL '42 days',
    '2400 Fondren Drive',
    29.7604,
    -95.4432,
    24500.00,
    24500.00,
    24500.00,
    'inv_backup_system_001',
    'paid',
    true,
    '50000000-0000-0000-0000-000000000001'::UUID,
    0.960,
    'ai_scheduler',
    ARRAY['critical', 'medical', 'backup_system', 'major_project'],
    'Completed ahead of schedule. Excellent work by team. Customer very satisfied.',
    '{"generator": 1, "transfer_switch": 1, "wiring": "2000ft"}'::JSONB,
    NOW() - INTERVAL '45 days',
    NOW() - INTERVAL '42 days'
  ),
  (
    '40000000-0000-0000-0000-000000000012'::UUID,
    'cf470b38-2a52-4de5-b183-b2eb307612c4'::UUID,
    '30000000-0000-0000-0000-000000000005'::UUID,
    '20000000-0000-0000-0000-000000000004'::UUID,
    'Conference Room Audio Visual Setup',
    'Electrical installation for new conference room AV system and controls.',
    'electrical',
    'new_installation',
    'completed',
    3,
    NOW() - INTERVAL '38 days',
    NOW() - INTERVAL '37 days',
    NOW() - INTERVAL '38 days',
    NOW() - INTERVAL '37 days',
    '2710 Post Oak Boulevard',
    29.7320,
    -95.4620,
    3600.00,
    3600.00,
    3600.00,
    'inv_conf_room_av_001',
    'paid',
    false,
    NULL,
    NULL,
    'customer_request',
    ARRAY['AV_setup', 'conference_room', 'commercial'],
    'Completed on time. Integrated with existing infrastructure.',
    '{"circuits": 8, "outlets": 12, "control_wiring": "500ft"}'::JSONB,
    NOW() - INTERVAL '38 days',
    NOW() - INTERVAL '37 days'
  ),
  (
    '40000000-0000-0000-0000-000000000013'::UUID,
    'cf470b38-2a52-4de5-b183-b2eb307612c4'::UUID,
    '30000000-0000-0000-0000-000000000002'::UUID,
    '20000000-0000-0000-0000-000000000002'::UUID,
    'Rack Power Distribution - Data Center',
    'Installation of power distribution units (PDUs) for server racks.',
    'electrical',
    'new_installation',
    'completed',
    2,
    NOW() - INTERVAL '32 days',
    NOW() - INTERVAL '30 days',
    NOW() - INTERVAL '32 days',
    NOW() - INTERVAL '30 days',
    '1500 Waugh Drive',
    29.7519,
    -95.3867,
    5800.00,
    5800.00,
    5800.00,
    'inv_pdu_install_001',
    'paid',
    true,
    '50000000-0000-0000-0000-000000000002'::UUID,
    0.890,
    'ai_scheduler',
    ARRAY['data_center', 'infrastructure', 'PDU_install'],
    'Angela executed perfectly. Zero downtime. Customer requested same team for future work.',
    '{"PDUs": 12, "circuits": 24, "breakers": 24}'::JSONB,
    NOW() - INTERVAL '32 days',
    NOW() - INTERVAL '30 days'
  ),
  (
    '40000000-0000-0000-0000-000000000014'::UUID,
    'cf470b38-2a52-4de5-b183-b2eb307612c4'::UUID,
    '30000000-0000-0000-0000-000000000007'::UUID,
    '20000000-0000-0000-0000-000000000003'::UUID,
    'Kitchen Upgrade Electrical - Residential',
    'New electrical outlets and lighting for complete kitchen remodel.',
    'electrical',
    'remodeling',
    'completed',
    3,
    NOW() - INTERVAL '26 days',
    NOW() - INTERVAL '24 days',
    NOW() - INTERVAL '26 days',
    NOW() - INTERVAL '24 days',
    '4567 Bellaire Blvd',
    29.6511,
    -95.4865,
    3800.00,
    3800.00,
    3800.00,
    'inv_kitchen_remodel_001',
    'paid',
    false,
    NULL,
    NULL,
    'homeowner_request',
    ARRAY['remodeling', 'residential', 'kitchen'],
    'Beautiful remodel. Customer very happy. Referred two neighbors.',
    '{"outlets": 10, "lights": 8, "dedicated_circuits": 4}'::JSONB,
    NOW() - INTERVAL '26 days',
    NOW() - INTERVAL '24 days'
  ),
  (
    '40000000-0000-0000-0000-000000000015'::UUID,
    'cf470b38-2a52-4de5-b183-b2eb307612c4'::UUID,
    '30000000-0000-0000-0000-000000000008'::UUID,
    '20000000-0000-0000-0000-000000000005'::UUID,
    'Outlet Installation - Residential',
    'Installation of new outlets in finished basement.',
    'electrical',
    'new_installation',
    'completed',
    4,
    NOW() - INTERVAL '18 days',
    NOW() - INTERVAL '17 days',
    NOW() - INTERVAL '18 days',
    NOW() - INTERVAL '17 days',
    '8901 Meadow Lake Lane',
    29.7521,
    -95.4689,
    1200.00,
    1200.00,
    1200.00,
    'inv_basement_outlets_001',
    'paid',
    false,
    NULL,
    NULL,
    'homeowner_request',
    ARRAY['residential', 'outlets', 'basement'],
    'Quick, clean job. Customer satisfied.',
    '{"outlets": 6, "circuits": 2}'::JSONB,
    NOW() - INTERVAL '18 days',
    NOW() - INTERVAL '17 days'
  ),

  -- INVOICED (3)
  (
    '40000000-0000-0000-0000-000000000016'::UUID,
    'cf470b38-2a52-4de5-b183-b2eb307612c4'::UUID,
    '30000000-0000-0000-0000-000000000010'::UUID,
    '20000000-0000-0000-0000-000000000004'::UUID,
    'Dental Office Lighting Upgrade',
    'LED lighting retrofit for dental exam rooms and waiting areas.',
    'electrical',
    'retrofit',
    'invoiced',
    3,
    NOW() - INTERVAL '15 days',
    NOW() - INTERVAL '13 days',
    NOW() - INTERVAL '15 days',
    NOW() - INTERVAL '13 days',
    '1111 Medical Center Drive',
    29.7185,
    -95.4315,
    4500.00,
    4500.00,
    NULL,
    'inv_dental_lights_001',
    'pending',
    false,
    NULL,
    NULL,
    'customer_request',
    ARRAY['LED_retrofit', 'medical', 'lighting'],
    'Completed work. Invoice sent 2 days ago. Awaiting payment.',
    '{"fixtures": 35, "ballasts": 12}'::JSONB,
    NOW() - INTERVAL '15 days',
    NOW() - INTERVAL '13 days'
  ),
  (
    '40000000-0000-0000-0000-000000000017'::UUID,
    'cf470b38-2a52-4de5-b183-b2eb307612c4'::UUID,
    '30000000-0000-0000-0000-000000000004'::UUID,
    '20000000-0000-0000-0000-000000000005'::UUID,
    'Kitchen Hood Electrical - Restaurant',
    'Electrical installation for new commercial kitchen hood system.',
    'electrical',
    'new_installation',
    'invoiced',
    3,
    NOW() - INTERVAL '12 days',
    NOW() - INTERVAL '11 days',
    NOW() - INTERVAL '12 days',
    NOW() - INTERVAL '11 days',
    '3201 Allen Parkway',
    29.7439,
    -95.3872,
    2100.00,
    2100.00,
    NULL,
    'inv_hood_electrical_001',
    'pending',
    false,
    NULL,
    NULL,
    'customer_request',
    ARRAY['commercial', 'kitchen', 'hood_system'],
    'Work completed. Invoice issued. Customer has 30 days to pay.',
    '{"circuits": 2, "wiring": "150ft"}'::JSONB,
    NOW() - INTERVAL '12 days',
    NOW() - INTERVAL '11 days'
  ),
  (
    '40000000-0000-0000-0000-000000000018'::UUID,
    'cf470b38-2a52-4de5-b183-b2eb307612c4'::UUID,
    '30000000-0000-0000-0000-000000000012'::UUID,
    '20000000-0000-0000-0000-000000000003'::UUID,
    'Eye Care Center Maintenance',
    'Quarterly electrical maintenance and inspection for medical clinic.',
    'electrical',
    'maintenance',
    'invoiced',
    4,
    NOW() - INTERVAL '9 days',
    NOW() - INTERVAL '9 days',
    NOW() - INTERVAL '9 days',
    NOW() - INTERVAL '9 days',
    '6789 Westheimer Road',
    29.7390,
    -95.4517,
    1500.00,
    1500.00,
    NULL,
    'inv_eyecare_maint_001',
    'pending',
    true,
    '50000000-0000-0000-0000-000000000001'::UUID,
    0.880,
    'ai_scheduler',
    ARRAY['maintenance', 'medical', 'quarterly'],
    'Routine maintenance completed. Invoice sent. Standard terms apply.',
    NULL,
    NOW() - INTERVAL '9 days',
    NOW() - INTERVAL '9 days'
  ),

  -- PAID (2)
  (
    '40000000-0000-0000-0000-000000000019'::UUID,
    'cf470b38-2a52-4de5-b183-b2eb307612c4'::UUID,
    '30000000-0000-0000-0000-000000000003'::UUID,
    '20000000-0000-0000-0000-000000000004'::UUID,
    'LED Phase 1 - Greenspoint Office',
    'First phase of lighting retrofit for office plaza.',
    'electrical',
    'retrofit',
    'paid',
    3,
    NOW() - INTERVAL '52 days',
    NOW() - INTERVAL '50 days',
    NOW() - INTERVAL '52 days',
    NOW() - INTERVAL '50 days',
    '1177 W Loop N',
    29.7678,
    -95.4398,
    11200.00,
    11200.00,
    11200.00,
    'inv_led_phase1_001',
    'paid',
    true,
    '50000000-0000-0000-0000-000000000001'::UUID,
    0.910,
    'ai_scheduler',
    ARRAY['LED_retrofit', 'commercial', 'phase_1'],
    'Phase 1 completed successfully. Payment received. Phase 2 scheduled.',
    '{"fixtures": 180, "ballasts": 35, "wiring": "800ft"}'::JSONB,
    NOW() - INTERVAL '52 days',
    NOW() - INTERVAL '50 days'
  ),
  (
    '40000000-0000-0000-0000-000000000020'::UUID,
    'cf470b38-2a52-4de5-b183-b2eb307612c4'::UUID,
    '30000000-0000-0000-0000-000000000001'::UUID,
    '20000000-0000-0000-0000-000000000001'::UUID,
    'Preventive Maintenance Service',
    'Comprehensive electrical inspection and preventive maintenance for medical complex.',
    'electrical',
    'maintenance',
    'paid',
    4,
    NOW() - INTERVAL '60 days',
    NOW() - INTERVAL '60 days',
    NOW() - INTERVAL '60 days',
    NOW() - INTERVAL '60 days',
    '2400 Fondren Drive',
    29.7604,
    -95.4432,
    3200.00,
    3200.00,
    3200.00,
    'inv_maint_service_001',
    'paid',
    false,
    NULL,
    NULL,
    'contract_maintenance',
    ARRAY['maintenance', 'medical', 'preventive'],
    'Annual maintenance service. Paid in full. No issues found.',
    NULL,
    NOW() - INTERVAL '60 days',
    NOW() - INTERVAL '60 days'
  )
ON CONFLICT DO NOTHING;

-- ============================================================================
-- 5. AGENT INSTANCES TABLE - All 11 Agent Types
-- ============================================================================

INSERT INTO public.agent_instances (
  id,
  account_id,
  agent_type,
  status,
  version,
  is_enabled,
  graph_state,
  actions_24h,
  errors_24h,
  avg_latency_ms,
  token_cost_30d,
  config,
  last_run_at,
  last_error,
  created_at,
  updated_at
) VALUES
  (
    '50000000-0000-0000-0000-000000000001'::UUID,
    'cf470b38-2a52-4de5-b183-b2eb307612c4'::UUID,
    'scheduler',
    'idle',
    '1.2.0',
    true,
    '{"last_decision": "schedule_approval_pending", "pending_jobs": 3}'::JSONB,
    8,
    0,
    450,
    145.32,
    '{"auto_schedule": true, "conflict_resolution": "human_review"}'::JSONB,
    NOW() - INTERVAL '4 hours',
    NULL,
    NOW() - INTERVAL '90 days',
    NOW() - INTERVAL '4 hours'
  ),
  (
    '50000000-0000-0000-0000-000000000002'::UUID,
    'cf470b38-2a52-4de5-b183-b2eb307612c4'::UUID,
    'parts_inventory',
    'idle',
    '1.0.5',
    true,
    '{"last_audit": "ok", "low_stock_alerts": 2}'::JSONB,
    3,
    0,
    320,
    52.10,
    '{"auto_reorder": true, "threshold": "qty_min_stock"}'::JSONB,
    NOW() - INTERVAL '6 hours',
    NULL,
    NOW() - INTERVAL '90 days',
    NOW() - INTERVAL '6 hours'
  ),
  (
    '50000000-0000-0000-0000-000000000003'::UUID,
    'cf470b38-2a52-4de5-b183-b2eb307612c4'::UUID,
    'customer_comm',
    'running',
    '1.3.2',
    true,
    '{"current_task": "send_job_updates", "messages_queued": 5}'::JSONB,
    12,
    0,
    380,
    98.75,
    '{"channels": ["sms", "email"], "frequency": "daily"}'::JSONB,
    NOW() - INTERVAL '15 minutes',
    NULL,
    NOW() - INTERVAL '90 days',
    NOW() - INTERVAL '15 minutes'
  ),
  (
    '50000000-0000-0000-0000-000000000004'::UUID,
    'cf470b38-2a52-4de5-b183-b2eb307612c4'::UUID,
    'finance_invoice',
    'idle',
    '1.1.8',
    true,
    '{"last_invoice_batch": 3, "outstanding_receivables": 8150.00}'::JSONB,
    4,
    0,
    410,
    67.43,
    '{"auto_invoice": true, "payment_terms": "net30"}'::JSONB,
    NOW() - INTERVAL '8 hours',
    NULL,
    NOW() - INTERVAL '90 days',
    NOW() - INTERVAL '8 hours'
  ),
  (
    '50000000-0000-0000-0000-000000000005'::UUID,
    'cf470b38-2a52-4de5-b183-b2eb307612c4'::UUID,
    'foreman_predictor',
    'idle',
    '0.9.1',
    true,
    '{"trend": "positive", "prediction_confidence": 0.87}'::JSONB,
    2,
    0,
    520,
    34.22,
    '{"model": "xgboost_v2", "retraining_frequency": "weekly"}'::JSONB,
    NOW() - INTERVAL '12 hours',
    NULL,
    NOW() - INTERVAL '90 days',
    NOW() - INTERVAL '12 hours'
  ),
  (
    '50000000-0000-0000-0000-000000000006'::UUID,
    'cf470b38-2a52-4de5-b183-b2eb307612c4'::UUID,
    'tech_dispatch',
    'idle',
    '1.4.0',
    true,
    '{"optimized_routes": 4, "dispatched_today": 2}'::JSONB,
    6,
    0,
    390,
    112.88,
    '{"routing_algorithm": "google_maps", "traffic_aware": true}'::JSONB,
    NOW() - INTERVAL '3 hours',
    NULL,
    NOW() - INTERVAL '90 days',
    NOW() - INTERVAL '3 hours'
  ),
  (
    '50000000-0000-0000-0000-000000000007'::UUID,
    'cf470b38-2a52-4de5-b183-b2eb307612c4'::UUID,
    'lead_hunter',
    'idle',
    '1.2.1',
    true,
    '{"leads_qualified": 2, "conversion_rate": 0.35}'::JSONB,
    5,
    1,
    480,
    156.45,
    '{"data_sources": ["google_maps", "chamber_of_commerce"], "search_radius": 25}'::JSONB,
    NOW() - INTERVAL '18 hours',
    'API timeout on Google Maps integration',
    NOW() - INTERVAL '90 days',
    NOW() - INTERVAL '18 hours'
  ),
  (
    '50000000-0000-0000-0000-000000000008'::UUID,
    'cf470b38-2a52-4de5-b183-b2eb307612c4'::UUID,
    'demo_creator',
    'idle',
    '1.0.0',
    true,
    '{"demos_created": 1, "status": "ready"}'::JSONB,
    1,
    0,
    250,
    28.15,
    '{"template_set": "commercial_electrical", "customization_level": "high"}'::JSONB,
    NOW() - INTERVAL '120 days',
    NULL,
    NOW() - INTERVAL '120 days',
    NOW() - INTERVAL '120 days'
  ),
  (
    '50000000-0000-0000-0000-000000000009'::UUID,
    'cf470b38-2a52-4de5-b183-b2eb307612c4'::UUID,
    'onboarder',
    'idle',
    '2.1.3',
    true,
    '{"onboarding_step": "crew_deployment", "completion_percent": 95}'::JSONB,
    0,
    0,
    310,
    45.67,
    '{"steps": ["account_setup", "tech_mgmt", "customer_import", "job_import", "crew_deployment"]}'::JSONB,
    NOW() - INTERVAL '90 days',
    NULL,
    NOW() - INTERVAL '90 days',
    NOW() - INTERVAL '90 days'
  ),
  (
    '50000000-0000-0000-0000-000000000010'::UUID,
    'cf470b38-2a52-4de5-b183-b2eb307612c4'::UUID,
    'performance_optimizer',
    'idle',
    '1.1.2',
    true,
    '{"metrics_tracked": 12, "optimization_opportunities": 3}'::JSONB,
    3,
    0,
    420,
    78.92,
    '{"metrics": ["revenue_per_tech", "job_cycle_time", "customer_satisfaction"]}'::JSONB,
    NOW() - INTERVAL '24 hours',
    NULL,
    NOW() - INTERVAL '90 days',
    NOW() - INTERVAL '24 hours'
  ),
  (
    '50000000-0000-0000-0000-000000000011'::UUID,
    'cf470b38-2a52-4de5-b183-b2eb307612c4'::UUID,
    'billing_churn_preventer',
    'running',
    '0.8.3',
    true,
    '{"risk_analysis": "in_progress", "accounts_at_risk": 1}'::JSONB,
    2,
    0,
    510,
    92.34,
    '{"churn_threshold": 30, "intervention_strategy": "proactive_outreach"}'::JSONB,
    NOW() - INTERVAL '2 hours',
    NULL,
    NOW() - INTERVAL '90 days',
    NOW() - INTERVAL '2 hours'
  )
ON CONFLICT DO NOTHING;

-- ============================================================================
-- 6. AGENT RUNS TABLE - 10 Recent Executions
-- ============================================================================

INSERT INTO public.agent_runs (
  id,
  agent_id,
  account_id,
  run_type,
  trigger_event,
  status,
  started_at,
  completed_at,
  duration_ms,
  input_tokens,
  output_tokens,
  cost_usd,
  model_used,
  actions_taken,
  output_summary,
  error_message,
  langsmith_run_id,
  created_at
) VALUES
  (
    '60000000-0000-0000-0000-000000000001'::UUID,
    '50000000-0000-0000-0000-000000000001'::UUID,
    'cf470b38-2a52-4de5-b183-b2eb307612c4'::UUID,
    'scheduled_run',
    'daily_schedule',
    'completed',
    NOW() - INTERVAL '4 hours',
    NOW() - INTERVAL '3 hours 58 minutes',
    120000,
    2450,
    1820,
    0.18,
    'claude-opus-4-1',
    '{"scheduled_jobs": 3, "conflicts_detected": 1, "proposal_sent": true}'::JSONB,
    'Scheduler processed 3 jobs. Found 1 conflict between Marcus and Angela schedules. Sent proposal to owner.',
    NULL,
    'run_ls_001',
    NOW() - INTERVAL '4 hours'
  ),
  (
    '60000000-0000-0000-0000-000000000002'::UUID,
    '50000000-0000-0000-0000-000000000003'::UUID,
    'cf470b38-2a52-4de5-b183-b2eb307612c4'::UUID,
    'customer_update',
    'job_status_change',
    'completed',
    NOW() - INTERVAL '15 minutes',
    NOW() - INTERVAL '12 minutes',
    180000,
    1200,
    950,
    0.12,
    'claude-opus-4-1',
    '{"sms_sent": 5, "email_sent": 2, "sent_status": "all_success"}'::JSONB,
    'Customer comm agent sent 5 SMS and 2 email updates about ongoing jobs.',
    NULL,
    'run_ls_002',
    NOW() - INTERVAL '15 minutes'
  ),
  (
    '60000000-0000-0000-0000-000000000003'::UUID,
    '50000000-0000-0000-0000-000000000004'::UUID,
    'cf470b38-2a52-4de5-b183-b2eb307612c4'::UUID,
    'invoice_generation',
    'job_completed',
    'completed',
    NOW() - INTERVAL '18 hours',
    NOW() - INTERVAL '17 hours 55 minutes',
    300000,
    3100,
    2200,
    0.22,
    'claude-opus-4-1',
    '{"invoices_created": 3, "payment_terms_set": 3, "total_amount": 8100.00}'::JSONB,
    'Finance agent created 3 new invoices totaling $8,100 for completed jobs.',
    NULL,
    'run_ls_003',
    NOW() - INTERVAL '18 hours'
  ),
  (
    '60000000-0000-0000-0000-000000000004'::UUID,
    '50000000-0000-0000-0000-000000000006'::UUID,
    'cf470b38-2a52-4de5-b183-b2eb307612c4'::UUID,
    'tech_dispatch',
    'job_dispatch',
    'completed',
    NOW() - INTERVAL '2 days',
    NOW() - INTERVAL '2 days 2 hours',
    120000,
    2200,
    1650,
    0.16,
    'claude-opus-4-1',
    '{"routes_optimized": 4, "dispatch_sent": 2, "eta_accuracy": 0.92}'::JSONB,
    'Tech dispatch optimized routes and sent 2 dispatches with 92% ETA accuracy.',
    NULL,
    'run_ls_004',
    NOW() - INTERVAL '2 days'
  ),
  (
    '60000000-0000-0000-0000-000000000005'::UUID,
    '50000000-0000-0000-0000-000000000005'::UUID,
    'cf470b38-2a52-4de5-b183-b2eb307612c4'::UUID,
    'performance_analysis',
    'weekly_check',
    'completed',
    NOW() - INTERVAL '3 days',
    NOW() - INTERVAL '2 days 23 hours',
    240000,
    2800,
    2100,
    0.20,
    'claude-opus-4-1',
    '{"metrics_analyzed": 12, "insights_generated": 4, "recommendations": 3}'::JSONB,
    'Performance optimizer identified 3 optimization opportunities across crew metrics.',
    NULL,
    'run_ls_005',
    NOW() - INTERVAL '3 days'
  ),
  (
    '60000000-0000-0000-0000-000000000006'::UUID,
    '50000000-0000-0000-0000-000000000002'::UUID,
    'cf470b38-2a52-4de5-b183-b2eb307612c4'::UUID,
    'inventory_audit',
    'daily_schedule',
    'completed',
    NOW() - INTERVAL '6 hours',
    NOW() - INTERVAL '5 hours 55 minutes',
    300000,
    1500,
    1100,
    0.13,
    'claude-opus-4-1',
    '{"items_audited": 24, "low_stock_alerts": 2, "reorder_recommendations": 2}'::JSONB,
    'Parts inventory agent flagged 2 low stock items and recommended reorders.',
    NULL,
    'run_ls_006',
    NOW() - INTERVAL '6 hours'
  ),
  (
    '60000000-0000-0000-0000-000000000007'::UUID,
    '50000000-0000-0000-0000-000000000007'::UUID,
    'cf470b38-2a52-4de5-b183-b2eb307612c4'::UUID,
    'lead_qualification',
    'inbound_inquiry',
    'completed',
    NOW() - INTERVAL '18 hours',
    NOW() - INTERVAL '17 hours 50 minutes',
    300000,
    2600,
    1900,
    0.19,
    'claude-opus-4-1',
    '{"leads_found": 3, "qualified": 2, "confidence_avg": 0.82}'::JSONB,
    'Lead hunter identified 3 prospects, qualified 2 with high confidence.',
    NULL,
    'run_ls_007',
    NOW() - INTERVAL '18 hours'
  ),
  (
    '60000000-0000-0000-0000-000000000008'::UUID,
    '50000000-0000-0000-0000-000000000011'::UUID,
    'cf470b38-2a52-4de5-b183-b2eb307612c4'::UUID,
    'churn_analysis',
    'daily_check',
    'completed',
    NOW() - INTERVAL '2 hours',
    NOW() - INTERVAL '1 hour 55 minutes',
    300000,
    2400,
    1800,
    0.18,
    'claude-opus-4-1',
    '{"accounts_checked": 1, "risk_identified": 0, "interventions_triggered": 0}'::JSONB,
    'Churn preventer analyzed account health. No immediate risks detected. Rawding Electric healthy.',
    NULL,
    'run_ls_008',
    NOW() - INTERVAL '2 hours'
  ),
  (
    '60000000-0000-0000-0000-000000000009'::UUID,
    '50000000-0000-0000-0000-000000000001'::UUID,
    'cf470b38-2a52-4de5-b183-b2eb307612c4'::UUID,
    'schedule_optimization',
    'manual_trigger',
    'completed',
    NOW() - INTERVAL '36 hours',
    NOW() - INTERVAL '35 hours 55 minutes',
    300000,
    3200,
    2400,
    0.25,
    'claude-opus-4-1',
    '{"jobs_analyzed": 20, "schedule_conflicts": 0, "utilization_improved": 0.08}'::JSONB,
    'Scheduler improved crew utilization by 8% through smart scheduling.',
    NULL,
    'run_ls_009',
    NOW() - INTERVAL '36 hours'
  ),
  (
    '60000000-0000-0000-0000-000000000010'::UUID,
    '50000000-0000-0000-0000-000000000010'::UUID,
    'cf470b38-2a52-4de5-b183-b2eb307612c4'::UUID,
    'capacity_planning',
    'weekly_analysis',
    'completed',
    NOW() - INTERVAL '48 hours',
    NOW() - INTERVAL '47 hours 50 minutes',
    300000,
    2900,
    2200,
    0.21,
    'claude-opus-4-1',
    '{"capacity_utilization": 0.78, "bottlenecks_found": 1, "hiring_recommendation": false}'::JSONB,
    'Optimizer recommends current crew is sufficient. One minor scheduling bottleneck identified.',
    NULL,
    'run_ls_010',
    NOW() - INTERVAL '48 hours'
  )
ON CONFLICT DO NOTHING;

-- ============================================================================
-- 7. COMMS_LOG TABLE - 8 Communication History Entries
-- ============================================================================

INSERT INTO public.comms_log (
  id,
  account_id,
  customer_id,
  job_id,
  agent_run_id,
  direction,
  channel,
  to_address,
  from_address,
  subject,
  body,
  status,
  external_id,
  cost_usd,
  ai_generated,
  sentiment_score,
  intent_tags,
  created_at,
  updated_at
) VALUES
  (
    '70000000-0000-0000-0000-000000000001'::UUID,
    'cf470b38-2a52-4de5-b183-b2eb307612c4'::UUID,
    '30000000-0000-0000-0000-000000000001'::UUID,
    '40000000-0000-0000-0000-000000000008'::UUID,
    '60000000-0000-0000-0000-000000000009'::UUID,
    'outbound',
    'sms',
    '713-555-2001',
    'twilio_rawding',
    NULL,
    'Hi Riverside Medical! Panel replacement on track. Marcus will have power restored by end of day tomorrow. Thanks for your patience!',
    'delivered',
    'twilio_sms_12345',
    0.0075,
    true,
    0.89,
    ARRAY['status_update', 'reassurance'],
    NOW() - INTERVAL '2 hours',
    NOW() - INTERVAL '2 hours'
  ),
  (
    '70000000-0000-0000-0000-000000000002'::UUID,
    'cf470b38-2a52-4de5-b183-b2eb307612c4'::UUID,
    '30000000-0000-0000-0000-000000000002'::UUID,
    '40000000-0000-0000-0000-000000000006'::UUID,
    '60000000-0000-0000-0000-000000000002'::UUID,
    'outbound',
    'email',
    'ops@techhubdc.com',
    'stephen@rawdinelectric.com',
    'Fire Alarm System Update - Data Center Work Complete',
    'Greetings,\n\nFire alarm system testing and upgrades completed successfully this afternoon. All 25 sensors and 8 detectors tested and functioning at 100% capacity. Angela will send you the compliance report by end of business today.\n\nZero downtime was achieved as requested. System is fully operational.\n\nBest regards,\nRawding Electric LLC',
    'delivered',
    'sendgrid_email_67890',
    0.015,
    true,
    0.92,
    ARRAY['job_completion', 'professional_tone'],
    NOW() - INTERVAL '4 hours',
    NOW() - INTERVAL '4 hours'
  ),
  (
    '70000000-0000-0000-0000-000000000003'::UUID,
    'cf470b38-2a52-4de5-b183-b2eb307612c4'::UUID,
    '30000000-0000-0000-0000-000000000007'::UUID,
    '40000000-0000-0000-0000-000000000005'::UUID,
    '60000000-0000-0000-0000-000000000002'::UUID,
    'outbound',
    'sms',
    '713-555-2007',
    'twilio_rawding',
    NULL,
    'Hi Sarah! David is finishing up your kitchen remodel electrical work today. Should be done by 4pm. Great job on the design choices!',
    'delivered',
    'twilio_sms_54321',
    0.0075,
    true,
    0.85,
    ARRAY['job_update', 'compliment'],
    NOW() - INTERVAL '6 hours',
    NOW() - INTERVAL '6 hours'
  ),
  (
    '70000000-0000-0000-0000-000000000004'::UUID,
    'cf470b38-2a52-4de5-b183-b2eb307612c4'::UUID,
    '30000000-0000-0000-0000-000000000005'::UUID,
    NULL,
    '60000000-0000-0000-0000-000000000003'::UUID,
    'outbound',
    'email',
    'property@greenspoint.com',
    'stephen@rawdinelectric.com',
    'Quarterly Maintenance Invoice - Greenspoint Office Plaza',
    'Invoice Reference: INV-2026-Q2-003\n\nQuarterly preventive maintenance completed successfully.\nAmount Due: $2,200.00\nDue Date: Net 30 days\n\nThank you for your continued partnership.',
    'delivered',
    'sendgrid_email_98765',
    0.015,
    false,
    0.78,
    ARRAY['invoice', 'billing'],
    NOW() - INTERVAL '8 hours',
    NOW() - INTERVAL '8 hours'
  ),
  (
    '70000000-0000-0000-0000-000000000005'::UUID,
    'cf470b38-2a52-4de5-b183-b2eb307612c4'::UUID,
    '30000000-0000-0000-0000-000000000004'::UUID,
    '40000000-0000-0000-0000-000000000001'::UUID,
    NULL,
    'inbound',
    'voice',
    '+1-713-555-0147',
    '713-555-2004',
    NULL,
    'Call from Houston Restaurant Group regarding generator quote. Customer ready to move forward. Discussed timeline and deposit.',
    'completed',
    'twilio_voice_11111',
    0.45,
    false,
    0.88,
    ARRAY['inbound_call', 'sales_qualified'],
    NOW() - INTERVAL '12 hours',
    NOW() - INTERVAL '12 hours'
  ),
  (
    '70000000-0000-0000-0000-000000000006'::UUID,
    'cf470b38-2a52-4de5-b183-b2eb307612c4'::UUID,
    '30000000-0000-0000-0000-000000000009'::UUID,
    '40000000-0000-0000-0000-000000000010'::UUID,
    '60000000-0000-0000-0000-000000000002'::UUID,
    'outbound',
    'sms',
    '713-555-2009',
    'twilio_rawding',
    NULL,
    'Hi Patricia! Lisa finished your electrical panel inspection. Everything looks good. Will send photos and full report via email.',
    'delivered',
    'twilio_sms_22222',
    0.0075,
    true,
    0.87,
    ARRAY['status_update', 'reassurance'],
    NOW() - INTERVAL '24 hours',
    NOW() - INTERVAL '24 hours'
  ),
  (
    '70000000-0000-0000-0000-000000000007'::UUID,
    'cf470b38-2a52-4de5-b183-b2eb307612c4'::UUID,
    '30000000-0000-0000-0000-000000000003'::UUID,
    '40000000-0000-0000-0000-000000000003'::UUID,
    '60000000-0000-0000-0000-000000000002'::UUID,
    'outbound',
    'email',
    'property@greenspoint.com',
    'stephen@rawdinelectric.com',
    'LED Retrofit Phase 2 - Scheduled for Next Week',
    'Hi Greenspoint Team,\n\nPhase 2 of your LED retrofit is scheduled to begin Monday, April 7th. We''ll be installing 240 LED fixtures over 2 days. Phase 1 was a great success!\n\nOur team will coordinate closely with your facilities team.\n\nBest regards,\nRawding Electric LLC',
    'delivered',
    'sendgrid_email_33333',
    0.015,
    true,
    0.91,
    ARRAY['job_notification', 'schedule_confirmation'],
    NOW() - INTERVAL '38 hours',
    NOW() - INTERVAL '38 hours'
  ),
  (
    '70000000-0000-0000-0000-000000000008'::UUID,
    'cf470b38-2a52-4de5-b183-b2eb307612c4'::UUID,
    '30000000-0000-0000-0000-000000000011'::UUID,
    '40000000-0000-0000-0000-000000000007'::UUID,
    '60000000-0000-0000-0000-000000000002'::UUID,
    'outbound',
    'sms',
    '713-555-2011',
    'twilio_rawding',
    NULL,
    'Hey Loading Dock team! Marcus is on track with the overhead lighting install. Day 1 complete, finishing up tomorrow. Site looks great!',
    'delivered',
    'twilio_sms_44444',
    0.0075,
    true,
    0.84,
    ARRAY['status_update', 'positive_tone'],
    NOW() - INTERVAL '42 hours',
    NOW() - INTERVAL '42 hours'
  )
ON CONFLICT DO NOTHING;

-- ============================================================================
-- 8. HIL_CONFIRMATIONS TABLE - 3 Human-in-the-Loop Confirmations
-- ============================================================================

INSERT INTO public.hil_confirmations (
  id,
  account_id,
  agent_run_id,
  expires_at,
  action_type,
  risk_level,
  description,
  amount,
  payload,
  sent_via,
  sent_to,
  twilio_sid,
  status,
  responded_at,
  response_token,
  rejection_reason,
  created_at,
  updated_at
) VALUES
  (
    '80000000-0000-0000-0000-000000000001'::UUID,
    'cf470b38-2a52-4de5-b183-b2eb307612c4'::UUID,
    '60000000-0000-0000-0000-000000000001'::UUID,
    NOW() + INTERVAL '4 hours',
    'invoice_approval',
    'high',
    'Invoice approval needed: 3-phase panel replacement at Riverside Medical ($18,500). Critical healthcare infrastructure work. Marcus ready for final inspection.',
    18500.00,
    '{"customer": "Riverside Medical Complex", "job_id": "40000000-0000-0000-0000-000000000008", "technician": "Marcus Johnson", "scope": "400A 3-phase panel replacement"}'::JSONB,
    'sms',
    '713-555-0147',
    'twilio_msg_99999',
    'pending',
    NULL,
    NULL,
    NULL,
    NOW() - INTERVAL '2 hours',
    NOW() - INTERVAL '2 hours'
  ),
  (
    '80000000-0000-0000-0000-000000000002'::UUID,
    'cf470b38-2a52-4de5-b183-b2eb307612c4'::UUID,
    '60000000-0000-0000-0000-000000000009'::UUID,
    NOW() - INTERVAL '18 hours',
    'schedule_override',
    'medium',
    'Schedule conflict resolution: Angela (fire alarm) and Marcus (warehouse lighting) both needed on April 3rd. Scheduler recommends hiring temporary support. Cost impact: $450.',
    450.00,
    '{"conflict_type": "resource_overlap", "technicians": ["Marcus Johnson", "Angela Torres"], "recommended_solution": "hire_temp", "cost": 450.00}'::JSONB,
    'email',
    'stephen@rawdinelectric.com',
    NULL,
    'approved',
    NOW() - INTERVAL '20 hours',
    'resp_token_abc123',
    NULL,
    NOW() - INTERVAL '22 hours',
    NOW() - INTERVAL '20 hours'
  ),
  (
    '80000000-0000-0000-0000-000000000003'::UUID,
    'cf470b38-2a52-4de5-b183-b2eb307612c4'::UUID,
    '60000000-0000-0000-0000-000000000007'::UUID,
    NOW() - INTERVAL '2 days',
    'lead_qualification',
    'low',
    'Lead qualification timeout: New generator quote for Houston Restaurant Group ($8,500). Customer was interested but no confirmation received within 7 days. Recommend follow-up call.',
    8500.00,
    '{"customer": "Houston Restaurant Group", "quote_amount": 8500.00, "days_pending": 7, "recommended_action": "follow_up_call"}'::JSONB,
    'email',
    'stephen@rawdinelectric.com',
    NULL,
    'timed_out',
    NULL,
    NULL,
    NULL,
    NOW() - INTERVAL '9 days',
    NOW() - INTERVAL '2 days'
  )
ON CONFLICT DO NOTHING;

-- ============================================================================
-- 9. PARTS TABLE - 5 Common Electrical Supply Items
-- ============================================================================

INSERT INTO public.parts (
  id,
  account_id,
  sku,
  name,
  description,
  supplier,
  supplier_sku,
  unit_cost,
  qty_on_hand,
  qty_min_stock,
  qty_on_order,
  last_ordered_at,
  last_used_at,
  usage_30d,
  auto_reorder,
  tags,
  created_at,
  updated_at
) VALUES
  (
    '90000000-0000-0000-0000-000000000001'::UUID,
    'cf470b38-2a52-4de5-b183-b2eb307612c4'::UUID,
    'RAWDING-CB20',
    '20A Circuit Breaker - Single Pole',
    'Standard 20A single pole circuit breaker for residential and light commercial',
    'Schneider Electric',
    'QO120CP',
    12.50,
    45,
    20,
    0,
    NOW() - INTERVAL '8 days',
    NOW() - INTERVAL '2 days',
    12,
    true,
    ARRAY['breaker', 'residential', 'common'],
    NOW() - INTERVAL '120 days',
    NOW() - INTERVAL '2 days'
  ),
  (
    '90000000-0000-0000-0000-000000000002'::UUID,
    'cf470b38-2a52-4de5-b183-b2eb307612c4'::UUID,
    'RAWDING-CB50',
    '50A Circuit Breaker - Double Pole',
    'Double pole 50A breaker for 240V circuits and appliances',
    'Schneider Electric',
    'QO250CP',
    18.75,
    28,
    15,
    15,
    NOW() - INTERVAL '5 days',
    NOW() - INTERVAL '3 days',
    8,
    true,
    ARRAY['breaker', 'double_pole', 'high_amperage'],
    NOW() - INTERVAL '120 days',
    NOW() - INTERVAL '3 days'
  ),
  (
    '90000000-0000-0000-0000-000000000003'::UUID,
    'cf470b38-2a52-4de5-b183-b2eb307612c4'::UUID,
    'RAWDING-WIRE12',
    'Copper Wire 12 AWG - 500ft Spool',
    'Solid copper 12 gauge electrical wire for residential wiring',
    'Southwire',
    'SW12',
    65.00,
    8,
    3,
    0,
    NOW() - INTERVAL '22 days',
    NOW() - INTERVAL '4 days',
    3,
    true,
    ARRAY['wire', 'copper', 'residential'],
    NOW() - INTERVAL '120 days',
    NOW() - INTERVAL '4 days'
  ),
  (
    '90000000-0000-0000-0000-000000000004'::UUID,
    'cf470b38-2a52-4de5-b183-b2eb307612c4'::UUID,
    'RAWDING-LED60',
    'LED Fixture 60W - Commercial Grade',
    'Energy-efficient commercial LED fixture, 4000K color temp, 6000 lumens',
    'Philips Lighting',
    'PHI-LED-60W',
    125.00,
    62,
    25,
    30,
    NOW() - INTERVAL '3 days',
    NOW() - INTERVAL '1 day',
    24,
    true,
    ARRAY['LED', 'fixture', 'commercial', 'retrofit'],
    NOW() - INTERVAL '120 days',
    NOW() - INTERVAL '1 day'
  ),
  (
    '90000000-0000-0000-0000-000000000005'::UUID,
    'cf470b38-2a52-4de5-b183-b2eb307612c4'::UUID,
    'RAWDING-OUTLET15',
    '15A Outlet - Duplex',
    'Standard 15A duplex outlet, hospital-grade construction',
    'Leviton',
    'LEV-5015-2',
    8.25,
    112,
    40,
    0,
    NOW() - INTERVAL '15 days',
    NOW() - INTERVAL '1 day',
    18,
    true,
    ARRAY['outlet', 'duplex', 'residential', 'commercial'],
    NOW() - INTERVAL '120 days',
    NOW() - INTERVAL '1 day'
  )
ON CONFLICT DO NOTHING;

-- ============================================================================
-- Final Commit
-- ============================================================================

COMMIT;

-- ============================================================================
-- Post-Execution Notes
-- ============================================================================
--
-- Seed data successfully created for Rawding Electric LLC demo account.
--
-- Summary of data created:
--   - 1 Account (Rawding Electric LLC) with Pro plan
--   - 5 Technicians with realistic skills and efficiency scores
--   - 12 Trade Customers (mix of commercial and residential)
--   - 20 Jobs across all statuses (leads, scheduled, in-progress, completed, invoiced, paid)
--   - 11 Agent Instances (all agent types represented)
--   - 10 Agent Runs (recent execution history)
--   - 8 Communication Log entries (SMS/Email history)
--   - 3 HIL Confirmations (pending, approved, timed_out)
--   - 5 Parts inventory items (common electrical supplies)
--
-- IMPORTANT: The owner_user_id is currently a placeholder UUID:
--   'cf470b38-2a52-4de5-b183-b2eb307612c4'
--
-- After running this script, update the accounts table with the real Supabase auth.users.id:
--   UPDATE accounts
--   SET owner_user_id = '[REAL_USER_ID]'
--   WHERE id = 'cf470b38-2a52-4de5-b183-b2eb307612c4';
--
-- All timestamps use relative dates (NOW(), NOW() - INTERVAL...) so data stays fresh.
-- All financial amounts are realistic for commercial electrical contracting.
-- The demo story shows a thriving business with strong customer relationships and AI agent activity.
